<?xml version="1.0" encoding="utf-8" standalone="yes"?>
<rss version="2.0" xmlns:atom="http://www.w3.org/2005/Atom">
  <channel>
    <title>Mumara</title>
    <link>http://mumara1.shahbaz.dev1.hostingshouse.com/</link>
    <description>Recent content on Mumara</description>
    <generator>Hugo -- gohugo.io</generator>
    <language>en-us</language>
    
	<atom:link href="http://mumara1.shahbaz.dev1.hostingshouse.com/index.xml" rel="self" type="application/rss+xml" />
    
    
  </channel>
</rss>